,hour,Corrected,Well
1,10/1/2007,1.564648649,F45
2,11/1/2007,0.915321429,F45
3,12/1/2007,0.212569892,F45
4,1/1/2008,0.184958277,F45
5,2/1/2008,0.483815972,F45
6,3/1/2008,0.381167116,F45
7,4/1/2008,1.009599444,F45
8,5/1/2008,0.493975774,F45
9,6/1/2008,1.008486787,F45
10,7/1/2008,0.951633917,F45
11,8/1/2008,1.563585464,F45
12,9/1/2008,0.944777778,F45
13,10/1/2008,1.712615385,F45
14,11/1/2008,0.671744799,F45
15,12/1/2008,0.118094086,F45
16,1/1/2009,-0.11482638,F45
17,2/1/2009,-0.205567164,F45
18,3/1/2009,0.047703903,F45
19,4/1/2009,0.273730181,F45
20,5/1/2009,0.662562584,F45
21,6/1/2009,2.019961057,F45
22,7/1/2009,1.238658602,F45
23,8/1/2009,0.715900404,F45
24,9/1/2009,1.047013889,F45
25,10/1/2009,0.550032301,F45
26,11/1/2009,0.481502304,F45
27,12/1/2009,1.034666667,F45
28,1/1/2010,0.378026918,F45
29,2/1/2010,0.632613095,F45
30,3/1/2010,0.371660834,F45
31,4/1/2010,0.869404729,F45
32,5/1/2010,0.570768817,F45
33,6/1/2010,0.682138889,F45
34,7/1/2010,1.128255376,F45
35,8/1/2010,0.871091398,F45
36,9/1/2010,1.393680556,F45
37,10/1/2010,1.335577389,F45
38,11/1/2010,0.527833564,F45
39,12/1/2010,0.191432032,F45
40,1/1/2011,0.248766129,F45
41,2/1/2011,0.089758569,F45
42,3/1/2011,0.08151752,F45
43,4/1/2011,0.025777778,F45
44,5/1/2011,0.134352624,F45
45,6/1/2011,-0.176638889,F45
46,7/1/2011,0.77658681,F45
47,8/1/2011,0.934545699,F45
48,9/1/2011,1.259571627,F45
49,10/1/2011,1.621660834,F45
50,11/1/2011,1.682906445,F45
51,12/1/2011,0.416371467,F45
52,1/1/2012,0.033625841,F45
53,2/1/2012,0.521261494,F45
54,3/1/2012,0.220102426,F45
55,4/1/2012,0.519875,F45
56,5/1/2012,1.155889785,F45
57,6/1/2012,1.271171071,F45
58,7/1/2012,1.275444444,F45
59,8/1/2012,0.881257066,F45
60,9/1/2012,1.176650904,F45
61,10/1/2012,1.082704301,F45
62,11/1/2012,0.673777778,F45
63,12/1/2012,0.318295699,F45
64,1/1/2013,0.114473755,F45
65,2/1/2013,0.241854167,F45
66,3/1/2013,0.203545087,F45
67,4/1/2013,0.77075,F45
68,5/1/2013,1.176024194,F45
69,6/1/2013,1.342416667,F45
70,7/1/2013,1.537798387,F45
71,8/1/2013,0.662629879,F45
72,9/1/2013,0.908125,F45
73,10/1/2013,1.214083445,F45
74,11/1/2013,0.789054313,F45
75,12/1/2013,1.00425,F45
76,1/1/2014,0.749438172,F45
77,2/1/2014,0.544741071,F45
78,3/1/2014,0.364985195,F45
79,4/1/2014,0.320541667,F45
80,5/1/2014,0.486629032,F45
81,6/1/2014,0.848916667,F45
82,7/1/2014,1.438887097,F45
83,8/1/2014,1.212387618,F45
84,9/1/2014,1.021560501,F45
85,10/1/2014,1.25851144,F45
86,11/1/2014,0.757666667,F45
87,12/1/2014,0.577072581,F45
88,1/1/2015,0.508497981,F45
89,2/1/2015,0.445371795,F45
90,3/1/2015,0.920974428,F45
91,4/1/2015,0.293744089,F45
92,5/1/2015,0.460960969,F45
93,6/1/2015,0.16730459,F45
94,7/1/2015,0.350503365,F45
95,8/1/2015,0.594567968,F45
96,9/1/2015,1.450194444,F45
97,10/1/2015,1.371951613,F45
98,11/1/2015,1.257094828,F45
99,12/1/2015,1.740958333,F45
100,1/1/2016,0.708138889,F45
101,2/1/2016,0.890316667,F45
102,5/1/2016,0.711509615,F45
103,6/1/2016,0.740875,F45
104,7/1/2016,0.412790576,F45
105,8/1/2016,0.620368421,F45
106,9/1/2016,0.783412088,F45
107,10/1/2016,1.180747396,F45
108,11/1/2016,0.821073713,F45
109,12/1/2016,0.754981132,F45
110,1/1/2017,0.409604128,F45
111,2/1/2017,0.223907566,F45
112,3/1/2017,0.340352545,F45
113,4/1/2017,0.329544355,F45
114,5/1/2017,0.209832884,F45
115,6/1/2017,1.065690663,F45
116,7/1/2017,0.615759839,F45
117,8/1/2017,1.103272544,F45
118,9/1/2017,1.831630042,F45
119,10/1/2017,1.751696237,F45
120,11/1/2017,1.231858432,F45
121,12/1/2017,0.585705363,F45
122,1/1/2018,0.399937437,F45
123,2/1/2018,0.12563589,F45
124,3/1/2018,0.179902998,F45
125,4/1/2018,0.15118624,F45
126,5/1/2018,0.778208473,F45
127,6/1/2018,1.240873264,F45
1,10/1/2007,1.398264468,F179
2,11/1/2007,0.823257282,F179
3,12/1/2007,0.118066532,F179
4,1/1/2008,0.162334005,F179
5,2/1/2008,0.15491523,F179
6,3/1/2008,0.190734186,F179
7,4/1/2008,0.673772512,F179
8,5/1/2008,0.421080645,F179
9,6/1/2008,0.595,F179
10,7/1/2008,0.924467742,F179
11,8/1/2008,1.237169355,F179
12,9/1/2008,1.198319444,F179
13,10/1/2008,1.615650538,F179
14,11/1/2008,0.740861304,F179
15,12/1/2008,0.093311828,F179
16,1/1/2009,-0.228341398,F179
17,2/1/2009,-0.305425439,F179
18,3/1/2009,0.260444444,F179
19,4/1/2009,0.09903125,F179
20,5/1/2009,0.376379704,F179
21,6/1/2009,1.499552083,F179
22,7/1/2009,0.951873656,F179
23,8/1/2009,0.608486559,F179
24,9/1/2009,1.287402778,F179
25,10/1/2009,0.723261425,F179
26,11/1/2009,0.711755895,F179
27,12/1/2009,0.711517473,F179
28,1/1/2010,0.294921371,F179
29,2/1/2010,0.45897619,F179
30,3/1/2010,0.311178331,F179
31,4/1/2010,0.679708333,F179
32,5/1/2010,0.456860215,F179
33,6/1/2010,0.539225694,F179
34,7/1/2010,0.636073925,F179
35,8/1/2010,0.748993952,F179
36,9/1/2010,1.39765625,F179
37,10/1/2010,1.217653226,F179
38,11/1/2010,0.714463939,F179
39,12/1/2010,0.219074597,F179
40,1/1/2011,0.063066532,F179
41,2/1/2011,-0.076176339,F179
42,3/1/2011,-0.020961642,F179
43,4/1/2011,0.039767361,F179
44,5/1/2011,0.199797043,F179
45,6/1/2011,0.184461806,F179
46,7/1/2011,0.67944086,F179
47,8/1/2011,0.996443548,F179
48,9/1/2011,1.041597222,F179
49,10/1/2011,1.503160618,F179
50,11/1/2011,1.460323856,F179
51,12/1/2011,0.423043011,F179
52,1/1/2012,-0.030085349,F179
53,2/1/2012,0.682652299,F179
54,3/1/2012,0.244950202,F179
55,4/1/2012,0.490583333,F179
56,5/1/2012,0.866974462,F179
57,6/1/2012,1.155732639,F179
58,7/1/2012,1.340422043,F179
59,8/1/2012,0.876127688,F179
60,9/1/2012,1.124385417,F179
61,10/1/2012,1.048150538,F179
62,11/1/2012,0.862695562,F179
63,12/1/2012,0.414692876,F179
64,1/1/2013,0.16068414,F179
65,2/1/2013,0.188008929,F179
66,3/1/2013,0.298143338,F179
67,4/1/2013,0.801381944,F179
68,5/1/2013,1.246924059,F179
69,6/1/2013,1.088729167,F179
70,7/1/2013,0.986262097,F179
71,8/1/2013,0.59796875,F179
72,9/1/2013,1.095,F179
73,10/1/2013,1.328177419,F179
74,11/1/2013,1.135833564,F179
75,12/1/2013,0.904991935,F179
76,1/1/2014,0.565156586,F179
77,2/1/2014,0.513559573,F179
78,3/1/2014,0.399802153,F179
79,4/1/2014,0.420777778,F179
80,5/1/2014,0.517841398,F179
81,6/1/2014,0.801402778,F179
82,7/1/2014,1.133217742,F179
83,8/1/2014,0.787129032,F179
84,9/1/2014,0.840555556,F179
85,10/1/2014,0.969991935,F179
86,11/1/2014,0.823690707,F179
87,12/1/2014,0.702706989,F179
88,1/1/2015,0.432075269,F179
89,2/1/2015,0.415181548,F179
90,3/1/2015,0.361376851,F179
91,4/1/2015,0.3045,F179
92,5/1/2015,0.543836022,F179
93,6/1/2015,0.348644231,F179
94,7/1/2015,0.479844086,F179
95,8/1/2015,0.777438172,F179
96,9/1/2015,1.502333333,F179
97,10/1/2015,1.560005376,F179
98,11/1/2015,1.39434258,F179
99,12/1/2015,1.735166667,F179
100,1/1/2016,0.903715054,F179
101,2/1/2016,0.893744253,F179
102,3/1/2016,0.295629879,F179
103,4/1/2016,0.327486111,F179
104,5/1/2016,0.78161828,F179
105,6/1/2016,0.727866667,F179
106,7/1/2016,0.475556452,F179
107,8/1/2016,1.05569086,F179
108,9/1/2016,0.896916667,F179
109,10/1/2016,1.32194086,F179
110,11/1/2016,1.016742025,F179
111,12/1/2016,0.641067295,F179
112,1/1/2017,0.4185,F179
113,2/1/2017,0.194005952,F179
114,3/1/2017,0.23911749,F179
115,4/1/2017,0.407277778,F179
116,5/1/2017,0.260811828,F179
117,6/1/2017,1.050018233,F179
118,7/1/2017,0.793553763,F179
119,8/1/2017,1.014257066,F179
120,9/1/2017,1.731472222,F179
121,10/1/2017,1.641604219,F179
122,11/1/2017,1.247622746,F179
123,12/1/2017,0.639611765,F179
124,1/1/2018,0.322287828,F179
125,2/1/2018,0.115581317,F179
126,3/1/2018,0.360263122,F179
127,4/1/2018,0.269693991,F179
128,5/1/2018,0.63663172,F179
129,6/1/2018,1.004042169,F179
1,10/1/2007,1.269196501,F319
2,11/1/2007,0.976506241,F319
3,12/1/2007,0.586604839,F319
4,1/1/2008,0.561604839,F319
5,2/1/2008,0.539261494,F319
6,3/1/2008,0.478846568,F319
7,4/1/2008,0.892569444,F319
8,5/1/2008,0.537854839,F319
9,6/1/2008,0.573625,F319
10,7/1/2008,1.132209677,F319
11,8/1/2008,1.186107527,F319
12,9/1/2008,1.184444444,F319
13,10/1/2008,1.650556452,F319
14,11/1/2008,0.964384189,F319
15,12/1/2008,0.554897849,F319
16,1/1/2009,0.392182796,F319
17,2/1/2009,0.289616071,F319
18,3/1/2009,0.362588156,F319
19,4/1/2009,0.308763889,F319
20,5/1/2009,0.572599462,F319
21,6/1/2009,1.424125,F319
22,7/1/2009,1.046107527,F319
23,8/1/2009,0.828231183,F319
24,9/1/2009,1.258944444,F319
25,10/1/2009,0.903177419,F319
26,11/1/2009,0.963191401,F319
27,12/1/2009,1.111189394,F319
28,1/1/2010,0.732961806,F319
29,2/1/2010,0.839556548,F319
30,3/1/2010,0.747393001,F319
31,4/1/2010,0.984736111,F319
32,5/1/2010,0.859969298,F319
33,6/1/2010,1.000166667,F319
34,7/1/2010,0.99491129,F319
35,8/1/2010,1.012155914,F319
36,9/1/2010,1.532694444,F319
37,10/1/2010,0.919287037,F319
38,11/1/2010,0.989030513,F319
39,12/1/2010,0.749158602,F319
40,1/1/2011,0.645354839,F319
41,2/1/2011,0.524824405,F319
42,3/1/2011,0.349371467,F319
43,4/1/2011,0.303361111,F319
44,5/1/2011,0.127048387,F319
45,6/1/2011,-0.141138889,F319
46,7/1/2011,0.698795699,F319
47,8/1/2011,1.127061828,F319
48,9/1/2011,1.269777778,F319
49,10/1/2011,1.535932796,F319
50,11/1/2011,1.339224688,F319
51,12/1/2011,0.887908602,F319
52,1/1/2012,0.609951613,F319
53,2/1/2012,0.900468391,F319
54,3/1/2012,0.622722746,F319
55,4/1/2012,0.745111111,F319
56,5/1/2012,0.945959677,F319
57,6/1/2012,1.145555556,F319
58,7/1/2012,1.128795699,F319
59,8/1/2012,1.258459677,F319
60,9/1/2012,1.152361111,F319
61,10/1/2012,1.01819086,F319
62,11/1/2012,0.93878086,F319
63,12/1/2012,0.643567204,F319
64,1/1/2013,0.50819086,F319
65,2/1/2013,0.555077381,F319
66,3/1/2013,0.591107672,F319
67,4/1/2013,0.900666667,F319
68,5/1/2013,1.066685484,F319
69,6/1/2013,0.943722222,F319
70,7/1/2013,1.158526882,F319
71,8/1/2013,0.666739247,F319
72,9/1/2013,0.864611111,F319
73,10/1/2013,1.594461538,F319
74,11/1/2013,1.323413315,F319
75,12/1/2013,1.05866129,F319
76,1/1/2014,0.750811828,F319
77,2/1/2014,0.758782738,F319
78,3/1/2014,0.601699865,F319
79,4/1/2014,0.581097222,F319
80,5/1/2014,0.605086022,F319
81,6/1/2014,0.769819444,F319
82,7/1/2014,0.95552957,F319
83,8/1/2014,0.73286828,F319
84,9/1/2014,0.803361111,F319
85,10/1/2014,0.964566622,F319
86,11/1/2014,0.855687933,F319
87,12/1/2014,0.753382234,F319
88,1/1/2015,0.603258065,F319
89,2/1/2015,0.613652757,F319
90,3/1/2015,0.457123822,F319
91,4/1/2015,0.314922114,F319
92,5/1/2015,0.499185484,F319
93,6/1/2015,0.380916551,F319
94,7/1/2015,0.572989247,F319
95,8/1/2015,0.839371467,F319
96,9/1/2015,1.347347222,F319
97,10/1/2015,1.533328398,F319
98,11/1/2015,1.137796117,F319
99,12/1/2015,1.437581427,F319
100,1/1/2016,0.848392473,F319
101,2/1/2016,0.754294964,F319
102,3/1/2016,0.453718708,F319
103,4/1/2016,0.462571627,F319
104,5/1/2016,0.834817204,F319
105,6/1/2016,0.682515994,F319
106,7/1/2016,0.788258065,F319
107,8/1/2016,1.009667564,F319
108,9/1/2016,0.654111111,F319
109,10/1/2016,1.019196501,F319
110,11/1/2016,0.790389736,F319
111,12/1/2016,0.696714286,F319
112,1/1/2017,0.555516129,F319
113,2/1/2017,0.446409836,F319
114,3/1/2017,0.51190175,F319
115,4/1/2017,0.61045758,F319
116,5/1/2017,0.450798387,F319
117,6/1/2017,1.100374131,F319
118,7/1/2017,0.876873656,F319
119,8/1/2017,0.876504711,F319
120,9/1/2017,1.422666667,F319
121,10/1/2017,1.326184258,F319
122,11/1/2017,0.90951595,F319
123,12/1/2017,0.787537815,F319
124,1/1/2018,0.770711022,F319
125,2/1/2018,0.594066617,F319
126,3/1/2018,0.681161507,F319
127,4/1/2018,0.604098298,F319
128,5/1/2018,0.748100134,F319
129,6/1/2018,0.876820896,F319
1,10/1/2007,1.595780864,G561
2,11/1/2007,1.151320388,G561
3,12/1/2007,0.111341398,G561
4,1/1/2008,0.079594086,G561
5,2/1/2008,0.191612069,G561
6,3/1/2008,0.359900404,G561
7,4/1/2008,0.422944444,G561
8,5/1/2008,0.096341398,G561
9,6/1/2008,0.248930556,G561
10,7/1/2008,0.678370968,G561
11,8/1/2008,1.157954301,G561
12,9/1/2008,1.104319444,G561
13,10/1/2008,1.97355914,G561
14,11/1/2008,0.781334258,G561
15,12/1/2008,-0.010930108,G561
16,1/1/2009,-0.515419355,G561
17,2/1/2009,-0.62814881,G561
18,3/1/2009,-0.02864603,G561
19,4/1/2009,-0.096347222,G561
20,5/1/2009,0.345870968,G561
21,6/1/2009,1.310527778,G561
22,7/1/2009,0.995965054,G561
23,8/1/2009,0.459177419,G561
24,9/1/2009,1.313444444,G561
25,10/1/2009,0.739163978,G561
26,11/1/2009,0.69904577,G561
27,12/1/2009,1.310642473,G561
28,1/1/2010,0.548290323,G561
29,2/1/2010,0.803175595,G561
30,3/1/2010,0.387572005,G561
31,4/1/2010,0.938013889,G561
32,5/1/2010,0.561301075,G561
33,6/1/2010,0.406638889,G561
34,7/1/2010,1.033895161,G561
35,8/1/2010,0.811758065,G561
36,9/1/2010,1.688333333,G561
37,10/1/2010,1.207742025,G561
38,11/1/2010,0.448699029,G561
39,12/1/2010,0.118854839,G561
40,1/1/2011,-0.152260753,G561
41,2/1/2011,-0.413758929,G561
42,3/1/2011,-0.369978466,G561
43,4/1/2011,-0.188597222,G561
44,5/1/2011,-0.155567204,G561
45,6/1/2011,-0.175291667,G561
46,7/1/2011,0.642698925,G561
47,8/1/2011,0.878478495,G561
48,9/1/2011,1.315805556,G561
49,10/1/2011,1.903330645,G561
50,11/1/2011,1.902277393,G561
51,12/1/2011,0.540064516,G561
52,1/1/2012,-0.144827957,G561
53,2/1/2012,0.284887931,G561
54,3/1/2012,0.12981965,G561
55,4/1/2012,0.489875,G561
56,5/1/2012,1.475360215,G561
57,6/1/2012,1.367652778,G561
58,7/1/2012,1.457443548,G561
59,8/1/2012,1.18683871,G561
60,9/1/2012,1.601208333,G561
61,10/1/2012,1.456583333,G561
62,11/1/2012,0.884829404,G561
63,12/1/2012,0.47425,G561
64,1/1/2013,0.150790323,G561
65,2/1/2013,0.15997619,G561
66,3/1/2013,0.119388964,G561
67,4/1/2013,0.335513889,G561
68,5/1/2013,1.485212366,G561
69,6/1/2013,1.597402778,G561
70,7/1/2013,1.614943548,G561
71,8/1/2013,0.754997312,G561
72,9/1/2013,0.797638889,G561
73,10/1/2013,1.182067204,G561
74,11/1/2013,1.292124827,G561
75,12/1/2013,1.107551075,G561
76,1/1/2014,0.426771505,G561
77,2/1/2014,0.664247024,G561
78,3/1/2014,0.377060565,G561
79,4/1/2014,0.476958333,G561
80,5/1/2014,0.967026882,G561
81,6/1/2014,0.928472222,G561
82,7/1/2014,1.25794086,G561
83,8/1/2014,1.43419086,G561
84,9/1/2014,1.349194444,G561
85,10/1/2014,1.343438172,G561
86,11/1/2014,0.84978086,G561
87,12/1/2014,0.964768817,G561
88,1/1/2015,0.669876344,G561
89,2/1/2015,0.535303571,G561
90,3/1/2015,0.509860027,G561
91,4/1/2015,0.168166667,G561
92,5/1/2015,0.641341398,G561
93,6/1/2015,0.110013889,G561
94,7/1/2015,-0.039223118,G561
95,8/1/2015,0.381206989,G561
96,9/1/2015,1.681833333,G561
97,10/1/2015,1.632672043,G561
98,11/1/2015,1.389545076,G561
99,12/1/2015,1.853895161,G561
100,1/1/2016,1.203612903,G561
101,2/1/2016,1.414873563,G561
102,3/1/2016,0.556885599,G561
103,4/1/2016,0.483666667,G561
104,5/1/2016,0.61794086,G561
105,6/1/2016,0.855222222,G561
106,7/1/2016,0.431193548,G561
107,8/1/2016,0.713612903,G561
108,9/1/2016,1.011902778,G561
109,10/1/2016,1.294379032,G561
110,11/1/2016,1.000640777,G561
111,12/1/2016,0.75933871,G561
112,1/1/2017,0.539298387,G561
113,2/1/2017,0.281567809,G561
114,3/1/2017,0.1258653,G561
115,4/1/2017,0.347794872,G561
116,5/1/2017,0.633787634,G561
117,6/1/2017,1.849833333,G561
118,7/1/2017,1.049325269,G561
119,8/1/2017,1.360548387,G561
120,9/1/2017,2.535375,G561
121,10/1/2017,1.977241935,G561
122,11/1/2017,1.746285714,G561
123,12/1/2017,1.215346774,G561
124,1/1/2018,0.702524194,G561
125,2/1/2018,0.098822795,G561
126,3/1/2018,0.279577389,G561
127,4/1/2018,0.273885417,G561
128,5/1/2018,1.442571237,G561
129,6/1/2018,1.945550347,G561
1,10/1/2007,1.545634409,G580A
2,11/1/2007,1.450444444,G580A
3,12/1/2007,0.899054054,G580A
4,1/1/2008,0.756951613,G580A
5,2/1/2008,0.720566667,G580A
6,3/1/2008,0.532336634,G580A
7,4/1/2008,1.046708333,G580A
8,5/1/2008,0.626790323,G580A
9,6/1/2008,0.817,G580A
10,7/1/2008,1.356830645,G580A
11,8/1/2008,1.426387097,G580A
12,9/1/2008,1.083777778,G580A
13,10/1/2008,1.65283871,G580A
14,11/1/2008,0.906180556,G580A
15,12/1/2008,0.666830645,G580A
16,1/1/2009,0.489357527,G580A
17,2/1/2009,0.358178571,G580A
18,3/1/2009,0.492239569,G580A
19,4/1/2009,0.366335645,G580A
20,5/1/2009,0.700634409,G580A
21,6/1/2009,1.296458333,G580A
22,7/1/2009,1.486212366,G580A
23,8/1/2009,1.020701613,G580A
24,9/1/2009,1.236013889,G580A
25,10/1/2009,1.099666667,G580A
26,11/1/2009,1.142097222,G580A
27,12/1/2009,1.265964744,G580A
28,1/1/2010,0.940701613,G580A
29,2/1/2010,1.274751497,G580A
30,3/1/2010,0.977260753,G580A
31,4/1/2010,1.224680556,G580A
32,5/1/2010,1.183282258,G580A
33,6/1/2010,1.219022727,G580A
34,7/1/2010,0.95988172,G580A
35,8/1/2010,1.434572581,G580A
36,9/1/2010,1.509611111,G580A
37,10/1/2010,1.469008065,G580A
38,11/1/2010,1.152277778,G580A
39,12/1/2010,0.791198925,G580A
40,1/1/2011,0.730459677,G580A
41,2/1/2011,0.666080357,G580A
42,3/1/2011,0.372946237,G580A
43,4/1/2011,0.205333333,G580A
44,5/1/2011,0.245419355,G580A
45,6/1/2011,-0.262489237,G580A
46,7/1/2011,0.787596774,G580A
47,8/1/2011,1.35611828,G580A
48,9/1/2011,1.748027778,G580A
49,10/1/2011,1.631755047,G580A
50,11/1/2011,1.863916667,G580A
51,12/1/2011,1.094653226,G580A
52,1/1/2012,0.726141026,G580A
53,2/1/2012,1.267856322,G580A
54,3/1/2012,0.858510753,G580A
55,4/1/2012,0.795055556,G580A
56,5/1/2012,1.368292276,G580A
57,6/1/2012,1.550585895,G580A
58,7/1/2012,1.21597043,G580A
59,8/1/2012,1.498215054,G580A
60,9/1/2012,1.533666667,G580A
61,10/1/2012,1.142919355,G580A
62,11/1/2012,1.027541667,G580A
63,12/1/2012,0.676784722,G580A
64,1/1/2013,0.643725806,G580A
65,2/1/2013,0.744309524,G580A
66,3/1/2013,0.752895592,G580A
67,4/1/2013,1.151399638,G580A
68,5/1/2013,1.204572581,G580A
69,6/1/2013,0.976904321,G580A
70,7/1/2013,1.342852151,G580A
71,8/1/2013,0.760314939,G580A
72,9/1/2013,1.180426778,G580A
73,10/1/2013,1.905123656,G580A
74,11/1/2013,1.58351532,G580A
75,12/1/2013,1.436761777,G580A
76,1/1/2014,1.066696237,G580A
77,2/1/2014,0.918535714,G580A
78,3/1/2014,0.7910821,G580A
79,4/1/2014,0.743125,G580A
80,5/1/2014,0.647287634,G580A
81,6/1/2014,0.957875,G580A
82,7/1/2014,1.137341398,G580A
83,8/1/2014,0.991347222,G580A
84,9/1/2014,1.036138889,G580A
85,10/1/2014,1.463672043,G580A
86,11/1/2014,1.220364395,G580A
87,12/1/2014,0.974433378,G580A
88,1/1/2015,0.863416667,G580A
89,2/1/2015,0.813692996,G580A
90,3/1/2015,0.555432796,G580A
91,4/1/2015,0.327708333,G580A
92,5/1/2015,0.65644086,G580A
93,6/1/2015,0.359333333,G580A
94,7/1/2015,0.646479139,G580A
95,8/1/2015,1.319884253,G580A
96,9/1/2015,1.8095,G580A
97,10/1/2015,1.822287634,G580A
98,11/1/2015,1.387847222,G580A
99,12/1/2015,2.209314103,G580A
100,3/1/2016,0.629685606,G580A
101,4/1/2016,0.55865097,G580A
102,5/1/2016,1.170741935,G580A
103,6/1/2016,1.033388889,G580A
104,7/1/2016,1.042919355,G580A
105,8/1/2016,1.426077957,G580A
106,9/1/2016,1.218097222,G580A
107,10/1/2016,1.356655914,G580A
108,11/1/2016,1.094569444,G580A
109,12/1/2016,1.031991935,G580A
110,1/1/2017,0.858793011,G580A
111,2/1/2017,0.7226875,G580A
112,3/1/2017,0.71658871,G580A
113,4/1/2017,0.746636996,G580A
114,5/1/2017,0.585647849,G580A
115,6/1/2017,1.220277778,G580A
116,7/1/2017,0.971427419,G580A
117,8/1/2017,1.341642473,G580A
118,9/1/2017,1.533888889,G580A
119,10/1/2017,1.224151092,G580A
120,11/1/2017,1.124074896,G580A
121,12/1/2017,0.859791597,G580A
122,1/1/2018,0.961257419,G580A
123,2/1/2018,0.849990826,G580A
124,3/1/2018,0.84351144,G580A
125,4/1/2018,0.676986111,G580A
126,5/1/2018,1.06736828,G580A
127,6/1/2018,1.174059028,G580A
1,10/1/2007,1.294273217,G860
2,11/1/2007,1.486400832,G860
3,12/1/2007,1.011290323,G860
4,1/1/2008,0.858790323,G860
5,2/1/2008,0.8325,G860
6,3/1/2008,0.661123822,G860
7,4/1/2008,1.161277778,G860
8,5/1/2008,0.777822581,G860
9,6/1/2008,1.090930556,G860
10,7/1/2008,1.498172043,G860
11,8/1/2008,1.138736559,G860
12,9/1/2008,0.931819444,G860
13,10/1/2008,0.71452957,G860
14,11/1/2008,0.771805556,G860
15,12/1/2008,0.698763441,G860
16,1/1/2009,0.581599462,G860
17,2/1/2009,0.480074405,G860
18,3/1/2009,0.660531629,G860
19,4/1/2009,0.482986111,G860
20,5/1/2009,0.42733871,G860
21,6/1/2009,1.214472222,G860
22,7/1/2009,1.557930108,G860
23,8/1/2009,1.169744624,G860
24,9/1/2009,1.231916667,G860
25,10/1/2009,1.216330645,G860
26,11/1/2009,1.231933744,G860
27,12/1/2009,1.300954301,G860
28,1/1/2010,1.074099462,G860
29,2/1/2010,1.431830357,G860
30,3/1/2010,1.10358681,G860
31,4/1/2010,1.292555556,G860
32,5/1/2010,1.302755376,G860
33,6/1/2010,1.060458333,G860
34,7/1/2010,1.077580645,G860
35,8/1/2010,1.532553763,G860
36,9/1/2010,1.311041667,G860
37,10/1/2010,1.395658602,G860
38,11/1/2010,1.263127601,G860
39,12/1/2010,0.844341398,G860
40,1/1/2011,0.82875,G860
41,2/1/2011,0.780267857,G860
42,3/1/2011,0.433156124,G860
43,4/1/2011,0.252708333,G860
44,5/1/2011,0.307553763,G860
45,6/1/2011,-0.312583333,G860
46,7/1/2011,0.788467742,G860
47,8/1/2011,1.431451613,G860
48,9/1/2011,1.630555556,G860
49,10/1/2011,1.141545699,G860
50,11/1/2011,1.613335645,G860
51,12/1/2011,1.154610215,G860
52,1/1/2012,0.797795699,G860
53,2/1/2012,1.306178161,G860
54,3/1/2012,0.960154778,G860
55,4/1/2012,0.763930556,G860
56,5/1/2012,1.344180108,G860
57,6/1/2012,1.285055556,G860
58,7/1/2012,1.299180108,G860
59,8/1/2012,1.385497312,G860
60,9/1/2012,1.371777778,G860
61,10/1/2012,1.14891129,G860
62,11/1/2012,1.089618585,G860
63,12/1/2012,0.887137097,G860
64,1/1/2013,0.788696237,G860
65,2/1/2013,0.869017857,G860
66,3/1/2013,0.782429341,G860
67,4/1/2013,1.13975,G860
68,5/1/2013,1.166182796,G860
69,6/1/2013,0.898388889,G860
70,7/1/2013,1.192849462,G860
71,8/1/2013,0.867688172,G860
72,9/1/2013,1.235180556,G860
73,10/1/2013,1.334663978,G860
74,11/1/2013,1.458425798,G860
75,12/1/2013,1.540739247,G860
76,1/1/2014,1.22344086,G860
77,2/1/2014,1.137371795,G860
78,3/1/2014,0.938445491,G860
79,4/1/2014,0.900847222,G860
80,5/1/2014,0.784813218,G860
81,6/1/2014,1.262916667,G860
82,7/1/2014,1.364139785,G860
83,8/1/2014,1.13483871,G860
84,9/1/2014,1.087833333,G860
85,10/1/2014,1.50875,G860
86,11/1/2014,1.329160888,G860
87,12/1/2014,1.109072581,G860
88,1/1/2015,1.001290323,G860
89,2/1/2015,0.940580357,G860
90,3/1/2015,0.686796733,G860
91,4/1/2015,0.478720238,G860
92,5/1/2015,0.665833333,G860
93,6/1/2015,0.480811404,G860
94,7/1/2015,0.704314516,G860
95,8/1/2015,1.401258412,G860
96,9/1/2015,1.555223214,G860
97,10/1/2015,1.76265625,G860
98,11/1/2015,1.411033287,G860
99,12/1/2015,1.429811828,G860
100,1/1/2016,1.198870968,G860
101,2/1/2016,1.296149425,G860
102,3/1/2016,0.727476447,G860
103,4/1/2016,0.620138889,G860
104,5/1/2016,1.110322581,G860
105,6/1/2016,1.188458333,G860
106,7/1/2016,1.119811828,G860
107,8/1/2016,1.508615591,G860
108,9/1/2016,1.3975,G860
109,10/1/2016,1.216626344,G860
110,11/1/2016,1.219160888,G860
111,12/1/2016,1.215997305,G860
112,1/1/2017,1.099047619,G860
113,2/1/2017,1.010140187,G860
114,3/1/2017,0.825232558,G860
115,4/1/2017,0.845083449,G860
116,5/1/2017,0.721989247,G860
117,6/1/2017,1.264694019,G860
118,7/1/2017,1.096034946,G860
119,8/1/2017,1.251110363,G860
120,9/1/2017,1.065083333,G860
121,10/1/2017,0.832936224,G860
122,11/1/2017,1.090821775,G860
123,12/1/2017,0.801695798,G860
124,1/1/2018,1.009502688,G860
125,2/1/2018,0.973731399,G860
126,3/1/2018,0.941685734,G860
127,4/1/2018,0.809525877,G860
128,5/1/2018,0.948356855,G860
129,6/1/2018,1.24060472,G860
1,10/1/2007,1.333438762,G1220
2,11/1/2007,0.780395284,G1220
3,12/1/2007,-0.080389785,G1220
4,1/1/2008,-0.224489247,G1220
5,2/1/2008,-0.195416667,G1220
6,3/1/2008,-0.050612382,G1220
7,4/1/2008,0.027458333,G1220
8,5/1/2008,-0.294314516,G1220
9,6/1/2008,-0.205375,G1220
10,7/1/2008,-0.101979167,G1220
11,8/1/2008,1.02002451,G1220
12,9/1/2008,0.823763889,G1220
13,10/1/2008,1.534603175,G1220
14,11/1/2008,0.557649098,G1220
15,12/1/2008,-0.211760753,G1220
16,1/1/2009,-0.821908602,G1220
17,2/1/2009,-1.060848214,G1220
18,3/1/2009,-0.396749664,G1220
19,4/1/2009,-0.278236111,G1220
20,5/1/2009,-0.073736559,G1220
21,6/1/2009,0.794472222,G1220
22,7/1/2009,0.658815789,G1220
23,8/1/2009,0.065443548,G1220
24,9/1/2009,0.708236111,G1220
25,10/1/2009,0.647614943,G1220
26,11/1/2009,0.693685897,G1220
27,12/1/2009,0.970564516,G1220
28,1/1/2010,0.337526882,G1220
29,2/1/2010,0.201109726,G1220
30,3/1/2010,0.026449275,G1220
31,4/1/2010,0.750041667,G1220
32,5/1/2010,0.468346774,G1220
33,6/1/2010,-0.284166667,G1220
34,7/1/2010,0.481276882,G1220
35,8/1/2010,0.349153226,G1220
36,9/1/2010,0.917555556,G1220
37,10/1/2010,0.672674731,G1220
38,11/1/2010,0.069008322,G1220
39,12/1/2010,-0.176130952,G1220
40,2/1/2011,-0.901086957,G1220
41,3/1/2011,-0.816493943,G1220
42,4/1/2011,-0.66825,G1220
43,5/1/2011,-0.598508065,G1220
44,6/1/2011,-0.637444444,G1220
45,7/1/2011,0.123884409,G1220
46,8/1/2011,0.435188172,G1220
47,9/1/2011,0.950119048,G1220
48,10/1/2011,1.23875,G1220
49,12/1/2011,-0.0175,G1220
50,1/1/2012,-0.53063172,G1220
51,2/1/2012,-0.234583333,G1220
52,3/1/2012,-0.343183042,G1220
53,4/1/2012,0.063180556,G1220
54,5/1/2012,1.041223118,G1220
55,6/1/2012,0.997444444,G1220
56,7/1/2012,1.069932796,G1220
57,8/1/2012,0.710107527,G1220
58,9/1/2012,1.405708333,G1220
59,10/1/2012,1.026505376,G1220
60,11/1/2012,0.498300971,G1220
61,12/1/2012,0.093575269,G1220
62,1/1/2013,-0.202620968,G1220
63,2/1/2013,-0.225074405,G1220
64,3/1/2013,-0.292792732,G1220
65,4/1/2013,-0.202666667,G1220
66,5/1/2013,0.80186828,G1220
67,6/1/2013,0.98675,G1220
68,7/1/2013,1.156563342,G1220
69,8/1/2013,0.50719086,G1220
70,9/1/2013,0.378166667,G1220
71,10/1/2013,0.725654762,G1220
72,12/1/2013,0.543626087,G1220
73,1/1/2014,-0.042755376,G1220
74,2/1/2014,0.305535714,G1220
75,3/1/2014,-0.166345895,G1220
76,4/1/2014,-0.047402778,G1220
77,5/1/2014,0.220739247,G1220
78,6/1/2014,0.427083333,G1220
79,8/1/2014,1.039479167,G1220
80,9/1/2014,1.011986111,G1220
81,10/1/2014,0.900551075,G1220
82,11/1/2014,0.415346741,G1220
83,12/1/2014,0.741296296,G1220
84,4/1/2015,-0.290833333,G1220
85,6/1/2015,-0.675845588,G1220
86,7/1/2015,-0.493021534,G1220
87,8/1/2015,-0.085107672,G1220
88,9/1/2015,1.048478261,G1220
89,10/1/2015,0.898875969,G1220
90,11/1/2015,0.873807212,G1220
91,12/1/2015,1.268252688,G1220
92,1/1/2016,0.821129032,G1220
93,2/1/2016,0.963247126,G1220
94,3/1/2016,0.259934211,G1220
95,4/1/2016,-0.197076923,G1220
96,5/1/2016,-0.023360215,G1220
97,6/1/2016,0.055333797,G1220
98,7/1/2016,-0.179180108,G1220
99,8/1/2016,0.107018843,G1220
100,9/1/2016,0.352930556,G1220
101,10/1/2016,0.897692913,G1220
102,12/1/2016,0.123371105,G1220
103,1/1/2017,-0.15561828,G1220
104,2/1/2017,-0.362853949,G1220
105,3/1/2017,-0.458499327,G1220
106,4/1/2017,-0.249422809,G1220
107,5/1/2017,0.032110215,G1220
108,6/1/2017,1.371787204,G1220
109,7/1/2017,0.523360215,G1220
110,8/1/2017,0.634771198,G1220
111,9/1/2017,0.926081081,G1220
112,10/1/2017,1.59319407,G1220
113,11/1/2017,1.436581137,G1220
114,12/1/2017,0.932119785,G1220
115,1/1/2018,0.298010753,G1220
116,2/1/2018,-0.372627651,G1220
117,3/1/2018,-0.267382234,G1220
118,4/1/2018,-0.192066337,G1220
119,5/1/2018,0.650379704,G1220
120,6/1/2018,1.331918403,G1220
1,10/1/2007,5.524839674,G1260
2,11/1/2007,4.831029126,G1260
3,12/1/2007,3.712790569,G1260
4,1/1/2008,2.926811828,G1260
5,2/1/2008,2.931008621,G1260
6,3/1/2008,3.318554509,G1260
7,4/1/2008,3.941,G1260
8,5/1/2008,3.272053763,G1260
9,6/1/2008,3.237180556,G1260
10,7/1/2008,4.308196237,G1260
11,8/1/2008,5.128518817,G1260
12,9/1/2008,5.792736111,G1260
13,10/1/2008,5.897215054,G1260
14,11/1/2008,4.839323162,G1260
15,12/1/2008,3.803235119,G1260
16,1/1/2009,2.910535912,G1260
17,2/1/2009,2.090228228,G1260
18,3/1/2009,2.513776581,G1260
19,4/1/2009,3.141625,G1260
20,5/1/2009,3.22872043,G1260
21,6/1/2009,4.975444444,G1260
22,7/1/2009,4.932483871,G1260
23,8/1/2009,3.860400538,G1260
24,9/1/2009,5.086180556,G1260
25,10/1/2009,4.549607527,G1260
26,11/1/2009,3.957242718,G1260
27,12/1/2009,4.825844086,G1260
28,1/1/2010,4.652026882,G1260
29,2/1/2010,4.126970238,G1260
30,3/1/2010,3.973722746,G1260
31,4/1/2010,4.947680556,G1260
32,5/1/2010,4.632188172,G1260
33,6/1/2010,3.603722222,G1260
34,7/1/2010,4.069311828,G1260
35,8/1/2010,4.207026882,G1260
36,9/1/2010,4.792402778,G1260
37,10/1/2010,4.649298387,G1260
38,11/1/2010,3.668995153,G1260
39,12/1/2010,3.19419086,G1260
40,1/1/2011,2.823908602,G1260
41,2/1/2011,2.51466369,G1260
42,3/1/2011,2.472592194,G1260
43,4/1/2011,2.422944444,G1260
44,5/1/2011,2.191892473,G1260
45,6/1/2011,1.315583333,G1260
46,7/1/2011,1.882201613,G1260
47,8/1/2011,2.484271505,G1260
48,9/1/2011,4.397111111,G1260
49,10/1/2011,4.640373656,G1260
50,11/1/2011,5.740196949,G1260
51,12/1/2011,4.610682796,G1260
52,1/1/2012,3.61011828,G1260
53,2/1/2012,3.532215517,G1260
54,3/1/2012,3.235095559,G1260
55,4/1/2012,3.390277778,G1260
56,5/1/2012,5.536731183,G1260
57,6/1/2012,5.551430556,G1260
58,7/1/2012,5.267577957,G1260
59,8/1/2012,4.831610215,G1260
60,9/1/2012,5.374555556,G1260
61,10/1/2012,5.302094086,G1260
62,11/1/2012,4.553622746,G1260
63,12/1/2012,3.621932796,G1260
64,1/1/2013,2.975521505,G1260
65,2/1/2013,2.58885544,G1260
66,3/1/2013,2.257585464,G1260
67,4/1/2013,2.949746871,G1260
68,5/1/2013,5.216959677,G1260
69,6/1/2013,5.670055556,G1260
70,7/1/2013,5.746274194,G1260
71,8/1/2013,5.258436782,G1260
72,9/1/2013,4.86035,G1260
73,10/1/2013,4.292698925,G1260
74,11/1/2013,3.709877947,G1260
75,12/1/2013,3.947504711,G1260
76,1/1/2014,3.326005376,G1260
77,2/1/2014,3.375318452,G1260
78,3/1/2014,2.800855989,G1260
79,4/1/2014,2.94108046,G1260
80,5/1/2014,3.129862903,G1260
81,6/1/2014,3.317513889,G1260
82,7/1/2014,4.221946237,G1260
83,8/1/2014,5.053693548,G1260
84,9/1/2014,4.779430556,G1260
85,10/1/2014,4.74528869,G1260
86,11/1/2014,3.900779473,G1260
87,12/1/2014,3.523370968,G1260
88,1/1/2015,3.110723118,G1260
89,2/1/2015,2.6685625,G1260
90,3/1/2015,2.048890983,G1260
91,4/1/2015,1.244486111,G1260
92,5/1/2015,1.700306452,G1260
93,6/1/2015,1.151625,G1260
94,7/1/2015,2.021018817,G1260
95,8/1/2015,1.944043011,G1260
96,9/1/2015,2.828652778,G1260
97,10/1/2015,3.522456989,G1260
98,11/1/2015,3.64014147,G1260
99,12/1/2015,4.610104839,G1260
100,1/1/2016,4.459352151,G1260
101,2/1/2016,5.220807471,G1260
102,3/1/2016,4.37687214,G1260
103,4/1/2016,4.365555556,G1260
104,5/1/2016,3.391744624,G1260
105,6/1/2016,3.763916667,G1260
106,7/1/2016,3.698424731,G1260
107,8/1/2016,3.055212366,G1260
108,9/1/2016,3.461722222,G1260
109,10/1/2016,3.134419355,G1260
110,11/1/2016,2.318532594,G1260
111,12/1/2016,1.865884409,G1260
112,1/1/2017,1.610682796,G1260
113,2/1/2017,1.315169643,G1260
114,3/1/2017,1.152201884,G1260
115,4/1/2017,1.055027778,G1260
116,5/1/2017,1.400709677,G1260
117,6/1/2017,4.120958333,G1260
118,7/1/2017,4.022430108,G1260
119,8/1/2017,4.051435484,G1260
120,9/1/2017,5.606375388,G1260
121,10/1/2017,5.386747984,G1260
122,11/1/2017,5.986552705,G1260
123,12/1/2017,5.302010081,G1260
124,1/1/2018,4.328864919,G1260
125,2/1/2018,3.186125744,G1260
126,3/1/2018,2.216259758,G1260
127,4/1/2018,2.1314375,G1260
128,5/1/2018,4.286647177,G1260
129,6/1/2018,6.423102431,G1260
1,10/1/2007,4.303742424,G1247
2,11/1/2007,4.24020208,G1247
3,12/1/2007,3.230972973,G1247
4,1/1/2008,2.83392463,G1247
5,2/1/2008,2.827743146,G1247
6,3/1/2008,3.230936743,G1247
7,4/1/2008,3.58850904,G1247
8,5/1/2008,2.948689098,G1247
9,6/1/2008,2.80925,G1247
10,7/1/2008,3.189782258,G1247
11,8/1/2008,3.636072581,G1247
12,9/1/2008,4.317319444,G1247
13,10/1/2008,4.584553763,G1247
14,11/1/2008,3.870291667,G1247
15,12/1/2008,3.119638327,G1247
16,1/1/2009,2.735256757,G1247
17,2/1/2009,2.039380952,G1247
18,3/1/2009,2.63046568,G1247
19,4/1/2009,2.936305556,G1247
20,5/1/2009,2.639715054,G1247
21,6/1/2009,3.700305556,G1247
22,7/1/2009,3.607747126,G1247
23,8/1/2009,3.126382716,G1247
24,9/1/2009,4.022263889,G1247
25,10/1/2009,3.612255376,G1247
26,11/1/2009,3.684496533,G1247
27,12/1/2009,3.973236559,G1247
28,1/1/2010,3.703465054,G1247
29,2/1/2010,3.254247024,G1247
30,3/1/2010,3.034934051,G1247
31,4/1/2010,4.035055556,G1247
32,5/1/2010,3.768787634,G1247
33,6/1/2010,3.162708333,G1247
34,7/1/2010,3.612900538,G1247
35,8/1/2010,3.208080247,G1247
36,9/1/2010,3.500666667,G1247
37,10/1/2010,3.451516129,G1247
38,11/1/2010,2.745925104,G1247
39,12/1/2010,2.378276882,G1247
40,1/1/2011,1.952349462,G1247
41,2/1/2011,1.589395833,G1247
42,3/1/2011,1.647572005,G1247
43,4/1/2011,1.757611111,G1247
44,5/1/2011,1.649755376,G1247
45,6/1/2011,1.350069444,G1247
46,7/1/2011,2.05544086,G1247
47,8/1/2011,2.340387097,G1247
48,9/1/2011,3.667805556,G1247
49,10/1/2011,3.82755,G1247
50,11/1/2011,4.477117892,G1247
51,12/1/2011,3.588854839,G1247
52,1/1/2012,2.736045699,G1247
53,2/1/2012,2.66745977,G1247
54,3/1/2012,2.176629879,G1247
55,4/1/2012,2.218464088,G1247
56,5/1/2012,3.700145161,G1247
57,6/1/2012,3.948972222,G1247
58,7/1/2012,4.254553763,G1247
59,8/1/2012,3.859795699,G1247
60,9/1/2012,4.409773167,G1247
61,10/1/2012,4.44480914,G1247
62,11/1/2012,3.811764216,G1247
63,12/1/2012,3.113975806,G1247
64,1/1/2013,2.654163978,G1247
65,2/1/2013,2.383547619,G1247
66,3/1/2013,1.998056528,G1247
67,4/1/2013,2.394791667,G1247
68,5/1/2013,4.270642473,G1247
69,6/1/2013,4.361986111,G1247
70,7/1/2013,4.575418573,G1247
71,8/1/2013,4.383491935,G1247
72,9/1/2013,4.217583333,G1247
73,10/1/2013,3.886099462,G1247
74,11/1/2013,3.273622746,G1247
75,12/1/2013,3.140102288,G1247
76,1/1/2014,2.418693548,G1247
77,2/1/2014,2.68839881,G1247
78,3/1/2014,2.210088829,G1247
79,4/1/2014,2.365263889,G1247
80,5/1/2014,2.775134058,G1247
81,6/1/2014,2.676843517,G1247
82,7/1/2014,2.977787349,G1247
83,8/1/2014,3.811650538,G1247
84,9/1/2014,3.492222222,G1247
85,10/1/2014,3.372698925,G1247
86,11/1/2014,2.882,G1247
87,12/1/2014,2.713752874,G1247
88,1/1/2015,2.467591398,G1247
89,2/1/2015,2.139306548,G1247
90,3/1/2015,1.769967699,G1247
91,4/1/2015,1.904215909,G1247
92,5/1/2015,2.36808871,G1247
93,6/1/2015,1.753888889,G1247
94,7/1/2015,1.855638889,G1247
95,8/1/2015,1.806623656,G1247
96,9/1/2015,2.746138889,G1247
97,10/1/2015,3.231341398,G1247
98,11/1/2015,3.390918169,G1247
99,12/1/2015,4.379903226,G1247
100,1/1/2016,4.05138172,G1247
101,2/1/2016,3.918307471,G1247
102,3/1/2016,3.259146703,G1247
103,4/1/2016,3.332166667,G1247
104,5/1/2016,3.511435484,G1247
105,6/1/2016,3.781180556,G1247
106,7/1/2016,3.061825269,G1247
107,8/1/2016,2.701206989,G1247
108,9/1/2016,3.064291667,G1247
109,10/1/2016,3.426704301,G1247
110,11/1/2016,2.82014147,G1247
111,12/1/2016,2.78544086,G1247
112,1/1/2017,2.390844086,G1247
113,2/1/2017,1.943041667,G1247
114,3/1/2017,1.615378197,G1247
115,4/1/2017,1.654586926,G1247
116,5/1/2017,1.907698925,G1247
117,6/1/2017,3.985263889,G1247
118,7/1/2017,3.598115591,G1247
119,8/1/2017,3.857188172,G1247
120,9/1/2017,4.528861111,G1247
121,10/1/2017,4.491025641,G1247
122,11/1/2017,4.647575589,G1247
123,12/1/2017,4.391415323,G1247
124,1/1/2018,3.882661962,G1247
125,2/1/2018,3.023636905,G1247
126,3/1/2018,2.696195828,G1247
127,4/1/2018,3.110767361,G1247
128,5/1/2018,4.096922715,G1247
129,6/1/2018,5.001947917,G1247
1,10/1/2007,7.117092219,G2866
2,11/1/2007,6.715125,G2866
3,12/1/2007,5.354,G2866
4,1/1/2008,4.414738836,G2866
5,2/1/2008,4.634387283,G2866
6,3/1/2008,4.886358008,G2866
7,4/1/2008,5.509794159,G2866
8,5/1/2008,4.340365591,G2866
9,6/1/2008,4.170097222,G2866
10,7/1/2008,5.264997319,G2866
11,8/1/2008,6.033537634,G2866
12,9/1/2008,7.151166667,G2866
13,10/1/2008,7.291225806,G2866
14,11/1/2008,6.033977809,G2866
15,12/1/2008,4.871521505,G2866
16,1/1/2009,3.92002957,G2866
17,2/1/2009,2.999190476,G2866
18,3/1/2009,3.375187079,G2866
19,4/1/2009,4.274833333,G2866
20,5/1/2009,4.017798116,G2866
21,6/1/2009,5.894347222,G2866
22,7/1/2009,6.352811828,G2866
23,8/1/2009,5.489263441,G2866
24,9/1/2009,6.563430556,G2866
25,10/1/2009,6.042032258,G2866
26,11/1/2009,5.236404993,G2866
27,12/1/2009,5.99269086,G2866
28,1/1/2010,6.108471063,G2866
29,2/1/2010,5.4445625,G2866
30,3/1/2010,4.925025572,G2866
31,4/1/2010,6.311936022,G2866
32,5/1/2010,6.333255376,G2866
33,6/1/2010,5.045722222,G2866
34,7/1/2010,5.674264881,G2866
35,8/1/2010,5.673241935,G2866
36,9/1/2010,6.048805556,G2866
37,10/1/2010,6.007731183,G2866
38,11/1/2010,4.888929265,G2866
39,12/1/2010,4.141776882,G2866
40,1/1/2011,3.740096774,G2866
41,2/1/2011,3.403357143,G2866
42,3/1/2011,3.41120323,G2866
43,4/1/2011,3.420527778,G2866
44,5/1/2011,3.167959677,G2866
45,6/1/2011,2.610986111,G2866
46,7/1/2011,3.189451613,G2866
47,8/1/2011,3.469465054,G2866
48,9/1/2011,5.423125,G2866
49,10/1/2011,5.949599462,G2866
50,11/1/2011,7.550427184,G2866
51,12/1/2011,6.142301075,G2866
52,1/1/2012,5.040822581,G2866
53,2/1/2012,4.457913793,G2866
54,3/1/2012,4.003423957,G2866
55,4/1/2012,3.823930556,G2866
56,5/1/2012,6.227139785,G2866
57,6/1/2012,7.178375,G2866
58,7/1/2012,7.07377957,G2866
59,8/1/2012,6.471534946,G2866
60,9/1/2012,7.148763889,G2866
61,10/1/2012,7.317408602,G2866
62,11/1/2012,6.020163662,G2866
63,12/1/2012,4.885634409,G2866
64,1/1/2013,4.004626344,G2866
65,2/1/2013,3.503654762,G2866
66,3/1/2013,2.929830417,G2866
67,4/1/2013,3.430444444,G2866
68,5/1/2013,6.498120968,G2866
69,6/1/2013,7.371388889,G2866
70,7/1/2013,7.530271505,G2866
71,8/1/2013,7.108416667,G2866
72,9/1/2013,6.438055556,G2866
73,10/1/2013,5.686575269,G2866
74,11/1/2013,4.782785021,G2866
75,12/1/2013,4.79986828,G2866
76,1/1/2014,4.02519086,G2866
77,2/1/2014,4.112970238,G2866
78,3/1/2014,3.575469717,G2866
79,4/1/2014,3.759791667,G2866
80,5/1/2014,4.253215054,G2866
81,6/1/2014,4.128305556,G2866
82,7/1/2014,4.879854839,G2866
83,8/1/2014,6.225177419,G2866
84,9/1/2014,5.539513889,G2866
85,10/1/2014,5.740503365,G2866
86,11/1/2014,4.841287101,G2866
87,12/1/2014,4.272018817,G2866
88,1/1/2015,3.949397849,G2866
89,2/1/2015,3.507508929,G2866
90,3/1/2015,2.860664872,G2866
91,4/1/2015,2.361472222,G2866
92,5/1/2015,2.971467742,G2866
93,6/1/2015,2.426166667,G2866
94,7/1/2015,2.871158602,G2866
95,8/1/2015,2.832556452,G2866
96,9/1/2015,3.980958333,G2866
97,10/1/2015,5.095002688,G2866
98,11/1/2015,4.892493759,G2866
99,12/1/2015,6.498147849,G2866
100,1/1/2016,6.245123656,G2866
101,2/1/2016,6.631074713,G2866
102,3/1/2016,5.602993271,G2866
103,4/1/2016,5.467763889,G2866
104,5/1/2016,4.717126344,G2866
105,6/1/2016,5.756263889,G2866
106,7/1/2016,5.451051075,G2866
107,8/1/2016,4.547704301,G2866
108,9/1/2016,4.659666667,G2866
109,10/1/2016,4.581857527,G2866
110,11/1/2016,3.730454924,G2866
111,12/1/2016,3.384317204,G2866
112,1/1/2017,3.109397849,G2866
113,2/1/2017,2.65753869,G2866
114,3/1/2017,2.26633109,G2866
115,4/1/2017,2.072005563,G2866
116,5/1/2017,2.358698925,G2866
117,6/1/2017,5.30275,G2866
118,7/1/2017,5.491010753,G2866
119,8/1/2017,5.627919355,G2866
120,9/1/2017,7.214693164,G2866
121,10/1/2017,7.069770528,G2866
122,11/1/2017,8.235207239,G2866
123,12/1/2017,7.621797043,G2866
124,1/1/2018,6.238352823,G2866
125,2/1/2018,4.954592262,G2866
126,3/1/2018,3.867633244,G2866
127,4/1/2018,3.751881944,G2866
128,5/1/2018,6.119115591,G2866
129,6/1/2018,9.359171875,G2866
1,10/1/2007,0.455682369,G3549
2,11/1/2007,0.088479889,G3549
3,12/1/2007,0.319954301,G3549
4,1/1/2008,0.564040323,G3549
5,2/1/2008,0.517706897,G3549
6,3/1/2008,0.513542396,G3549
7,4/1/2008,0.428784423,G3549
8,5/1/2008,0.532494624,G3549
9,6/1/2008,0.87697619,G3549
10,7/1/2008,0.571123656,G3549
11,8/1/2008,0.407790323,G3549
12,9/1/2008,0.405555556,G3549
13,10/1/2008,0.343086022,G3549
14,11/1/2008,-0.067081831,G3549
15,12/1/2008,0.119376344,G3549
16,1/1/2009,0.199766129,G3549
17,2/1/2009,0.244208333,G3549
18,3/1/2009,0.364457604,G3549
19,4/1/2009,0.494111111,G3549
20,5/1/2009,-0.000905914,G3549
21,6/1/2009,0.404736111,G3549
22,7/1/2009,0.266231183,G3549
23,8/1/2009,0.545223118,G3549
24,9/1/2009,0.645347222,G3549
25,10/1/2009,0.489604839,G3549
26,11/1/2009,0.29734258,G3549
27,12/1/2009,0.021405914,G3549
28,1/1/2010,0.489846774,G3549
29,2/1/2010,0.252556548,G3549
30,3/1/2010,0.163703903,G3549
31,4/1/2010,0.210902778,G3549
32,5/1/2010,0.544967742,G3549
33,6/1/2010,0.560138889,G3549
34,7/1/2010,0.538973118,G3549
35,8/1/2010,0.561903226,G3549
36,9/1/2010,0.510527778,G3549
37,10/1/2010,0.198018817,G3549
38,11/1/2010,-0.025084605,G3549
39,12/1/2010,-0.097424731,G3549
40,1/1/2011,0.075276882,G3549
41,2/1/2011,-0.001193452,G3549
42,3/1/2011,0.186072678,G3549
43,4/1/2011,0.022236111,G3549
44,5/1/2011,-0.39927957,G3549
45,6/1/2011,-0.484208333,G3549
46,7/1/2011,0.50336828,G3549
47,8/1/2011,0.551392473,G3549
48,9/1/2011,0.626916667,G3549
49,10/1/2011,0.583139785,G3549
50,11/1/2011,0.139076283,G3549
51,12/1/2011,-0.115704301,G3549
52,1/1/2012,-0.155583333,G3549
53,2/1/2012,0.115163793,G3549
54,3/1/2012,0.01360969,G3549
55,4/1/2012,0.206652778,G3549
56,5/1/2012,0.510801075,G3549
57,6/1/2012,0.234625,G3549
58,7/1/2012,0.390491935,G3549
59,8/1/2012,0.500397849,G3549
60,9/1/2012,0.571458333,G3549
61,10/1/2012,0.326849462,G3549
62,11/1/2012,0.241101248,G3549
63,12/1/2012,0.028072581,G3549
64,1/1/2013,-0.105569892,G3549
65,2/1/2013,0.076425595,G3549
66,3/1/2013,0.138522207,G3549
67,4/1/2013,0.326861111,G3549
68,5/1/2013,0.308287634,G3549
69,6/1/2013,0.410444444,G3549
70,7/1/2013,0.507413978,G3549
71,8/1/2013,0.172615591,G3549
72,9/1/2013,0.569166667,G3549
73,10/1/2013,0.492736559,G3549
74,11/1/2013,0.173306759,G3549
75,12/1/2013,0.049520833,G3549
76,1/1/2014,0.061231183,G3549
77,2/1/2014,0.060979167,G3549
78,3/1/2014,-0.135407806,G3549
79,4/1/2014,-0.209402778,G3549
80,5/1/2014,0.091836022,G3549
81,6/1/2014,0.258871795,G3549
82,7/1/2014,0.436135417,G3549
83,8/1/2014,0.449873656,G3549
84,9/1/2014,0.646528736,G3549
85,10/1/2014,0.53088172,G3549
86,11/1/2014,0.371281553,G3549
87,12/1/2014,0.284766129,G3549
88,1/1/2015,0.13852957,G3549
89,2/1/2015,0.104208333,G3549
90,3/1/2015,-0.069001346,G3549
91,4/1/2015,-0.181319444,G3549
92,5/1/2015,0.465209677,G3549
93,6/1/2015,0.255486111,G3549
94,7/1/2015,0.347965054,G3549
95,8/1/2015,0.626755376,G3549
96,9/1/2015,0.807138889,G3549
97,10/1/2015,0.762266129,G3549
98,11/1/2015,0.341503467,G3549
99,12/1/2015,0.699537634,G3549
100,1/1/2016,0.204819892,G3549
101,2/1/2016,0.225192529,G3549
102,3/1/2016,-0.113456258,G3549
103,4/1/2016,0.06425,G3549
104,5/1/2016,0.363704301,G3549
105,6/1/2016,0.184472222,G3549
106,7/1/2016,0.09883871,G3549
107,8/1/2016,0.440922043,G3549
108,9/1/2016,0.291805556,G3549
109,10/1/2016,0.519900538,G3549
110,11/1/2016,0.34179473,G3549
111,12/1/2016,0.138643963,G3549
112,1/1/2017,-0.04661828,G3549
113,2/1/2017,-0.18928869,G3549
114,3/1/2017,-0.208274563,G3549
115,4/1/2017,-0.131243394,G3549
116,5/1/2017,-0.057263441,G3549
117,6/1/2017,0.394598053,G3549
118,7/1/2017,-0.017787634,G3549
119,8/1/2017,0.107633917,G3549
120,9/1/2017,0.888013889,G3549
121,10/1/2017,0.591566929,G3549
122,11/1/2017,0.386475728,G3549
123,12/1/2017,0.048719328,G3549
124,1/1/2018,-0.089837366,G3549
125,2/1/2018,-0.220786007,G3549
126,3/1/2018,-0.047369448,G3549
127,4/1/2018,0.169164988,G3549
128,5/1/2018,0.309107527,G3549
129,6/1/2018,0.349703125,G3549
1,10/1/2007,2.618864065,PB1680
2,11/1/2007,2.016660194,PB1680
3,12/1/2007,1.226892473,PB1680
4,1/1/2008,1.584419355,PB1680
5,2/1/2008,1.965448276,PB1680
6,3/1/2008,2.043184388,PB1680
7,4/1/2008,2.226111111,PB1680
8,5/1/2008,1.529008086,PB1680
9,6/1/2008,1.534833333,PB1680
10,7/1/2008,1.867927419,PB1680
11,8/1/2008,2.614083333,PB1680
12,9/1/2008,3.253819444,PB1680
13,10/1/2008,3.116260753,PB1680
14,11/1/2008,1.877409154,PB1680
15,12/1/2008,1.633951548,PB1680
16,1/1/2009,1.414782258,PB1680
17,2/1/2009,1.1148125,PB1680
18,3/1/2009,1.075324361,PB1680
19,4/1/2009,1.596013889,PB1680
20,5/1/2009,1.989083333,PB1680
21,6/1/2009,2.936242003,PB1680
22,7/1/2009,2.889395833,PB1680
23,8/1/2009,2.165973214,PB1680
24,9/1/2009,3.033458333,PB1680
25,10/1/2009,2.15480914,PB1680
26,11/1/2009,1.897228849,PB1680
27,12/1/2009,2.684822581,PB1680
28,1/1/2010,2.225629032,PB1680
29,2/1/2010,2.115392857,PB1680
30,3/1/2010,2.215270525,PB1680
31,4/1/2010,2.129902778,PB1680
32,5/1/2010,1.926596774,PB1680
33,6/1/2010,0.943013889,PB1680
34,7/1/2010,1.003330645,PB1680
35,8/1/2010,0.726731183,PB1680
36,9/1/2010,1.54459058,PB1680
37,10/1/2010,1.212818054,PB1680
38,11/1/2010,0.528893204,PB1680
39,12/1/2010,0.46497043,PB1680
40,1/1/2011,0.259540323,PB1680
41,2/1/2011,-0.007553571,PB1680
42,3/1/2011,-0.471230148,PB1680
43,4/1/2011,-0.455375,PB1680
44,5/1/2011,-1.207852151,PB1680
45,6/1/2011,-1.057513889,PB1680
46,7/1/2011,0.629992424,PB1680
47,10/1/2011,1.720333333,PB1680
48,11/1/2011,1.756993065,PB1680
49,12/1/2011,0.457483871,PB1680
50,1/1/2012,-0.375254374,PB1680
51,2/1/2012,-0.121836207,PB1680
52,3/1/2012,-0.410543742,PB1680
53,4/1/2012,-0.531138889,PB1680
54,5/1/2012,1.092304487,PB1680
55,8/1/2012,1.523336806,PB1680
56,9/1/2012,1.854611111,PB1680
57,10/1/2012,1.490857527,PB1680
58,11/1/2012,0.872291262,PB1680
59,12/1/2012,0.277443548,PB1680
60,1/1/2013,-0.199357527,PB1680
61,2/1/2013,-0.63675,PB1680
62,3/1/2013,-1.162697174,PB1680
63,4/1/2013,-0.618013889,PB1680
64,5/1/2013,0.962094086,PB1680
65,6/1/2013,1.648472222,PB1680
66,7/1/2013,1.842134409,PB1680
67,8/1/2013,1.352846774,PB1680
68,9/1/2013,1.391486111,PB1680
69,10/1/2013,0.849271505,PB1680
70,11/1/2013,0.369961165,PB1680
71,12/1/2013,0.659755376,PB1680
72,1/1/2014,-0.056602151,PB1680
73,2/1/2014,0.0495,PB1680
74,3/1/2014,-0.601405114,PB1680
75,4/1/2014,-0.660013889,PB1680
76,5/1/2014,-0.750096774,PB1680
77,6/1/2014,-0.131652778,PB1680
78,7/1/2014,1.234123656,PB1680
79,8/1/2014,1.910319892,PB1680
80,9/1/2014,1.861513889,PB1680
81,10/1/2014,1.936932796,PB1680
82,11/1/2014,1.215578363,PB1680
83,12/1/2014,0.827359195,PB1680
84,1/1/2015,0.790978495,PB1680
85,2/1/2015,0.399623457,PB1680
86,3/1/2015,0.177397039,PB1680
87,4/1/2015,-0.652763889,PB1680
88,5/1/2015,-0.317556452,PB1680
89,6/1/2015,-0.834833333,PB1680
90,7/1/2015,0.030669355,PB1680
91,8/1/2015,0.760319892,PB1680
92,9/1/2015,1.274097222,PB1680
93,10/1/2015,1.339150538,PB1680
94,11/1/2015,1.046036061,PB1680
95,12/1/2015,1.350884409,PB1680
96,1/1/2016,1.196422043,PB1680
97,2/1/2016,1.799643678,PB1680
98,3/1/2016,1.187195155,PB1680
99,4/1/2016,1.459555556,PB1680
100,5/1/2016,0.705333333,PB1680
101,6/1/2016,1.244152778,PB1680
102,7/1/2016,1.069889785,PB1680
103,8/1/2016,0.755655914,PB1680
104,9/1/2016,1.196291667,PB1680
105,10/1/2016,1.208599462,PB1680
106,11/1/2016,0.438893204,PB1680
107,12/1/2016,0.119379032,PB1680
108,1/1/2017,0.011301075,PB1680
109,2/1/2017,-0.22660119,PB1680
110,3/1/2017,-0.636532974,PB1680
111,4/1/2017,-0.729486111,PB1680
112,5/1/2017,-0.346333333,PB1680
113,6/1/2017,1.919805556,PB1680
114,7/1/2017,1.602349462,PB1680
115,8/1/2017,1.797994624,PB1680
116,9/1/2017,2.661625,PB1680
117,10/1/2017,2.621316279,PB1680
118,11/1/2017,2.694510402,PB1680
119,12/1/2017,1.567226891,PB1680
120,1/1/2018,1.133901882,PB1680
121,2/1/2018,0.295674056,PB1680
122,3/1/2018,-0.127724092,PB1680
123,4/1/2018,-0.178625,PB1680
124,5/1/2018,1.025608871,PB1680
125,6/1/2018,2.470715278,PB1680
